"","V1","V2","V3","V4","V5","V6","V7","V8"
"1","Liver","1","ENSG00000215845.6","TSTD1",161007421,161008780,6.91502416927663e-08,"remNA"
"2","Brain_Cerebellum","1","ENSG00000143224.13","PPOX",161136200,161147803,1.40729095775512e-07,"remNA"
"3","Breast_Mammary_Tissue","1","ENSG00000158850.10","B4GALT3",161141100,161146638,5.21593464982402e-08,"remNA"
"4","Cells_Transformed_fibroblasts","1","ENSG00000158850.10","B4GALT3",161141100,161146638,4.21815100782374e-08,"remNA"
"5","Nerve_Tibial","1","ENSG00000158850.10","B4GALT3",161141100,161146638,4.26755008960527e-09,"remNA"
"6","Cells_Transformed_fibroblasts","1","ENSG00000158859.9","ADAMTS4",161154098,161168846,2.22523113192128e-07,"www.ncbi.nlm.nih.gov/pubmed/30617256"
"7","Brain_Cerebellar_Hemisphere","1","ENSG00000158864.8","NDUFS2",161166894,161184185,7.67578833350791e-08,"remNA"
"8","Nerve_Tibial","1","ENSG00000158864.8","NDUFS2",161166894,161184185,1.04717458304937e-07,"remNA"
"9","Adipose_Subcutaneous","1","ENSG00000158869.6","FCER1G",161185024,161190489,2.30785922053179e-08,"remNA"
"10","Esophagus_Gastroesophageal_Junction","1","ENSG00000158869.6","FCER1G",161185024,161190489,1.42827523948723e-07,"remNA"
"11","Muscle_Skeletal","1","ENSG00000158869.6","FCER1G",161185024,161190489,7.96040030861621e-10,"remNA"
"12","Nerve_Tibial","1","ENSG00000158869.6","FCER1G",161185024,161190489,3.01382846008752e-08,"remNA"
"13","Brain_Caudate_basal_ganglia","1","ENSG00000203710.6","CR1",207669492,207813992,4.06524055196064e-17,"www.ncbi.nlm.nih.gov/pubmed/19734903"
"14","Brain_Frontal_Cortex_BA9","1","ENSG00000203710.6","CR1",207669492,207813992,9.05842812994792e-09,"www.ncbi.nlm.nih.gov/pubmed/19734903"
"15","Esophagus_Gastroesophageal_Junction","1","ENSG00000203710.6","CR1",207669492,207813992,1.86406241728056e-18,"www.ncbi.nlm.nih.gov/pubmed/19734903"
"16","Esophagus_Muscularis","1","ENSG00000203710.6","CR1",207669492,207813992,2.32559542547268e-12,"www.ncbi.nlm.nih.gov/pubmed/19734903"
"17","Artery_Aorta","2","ENSG00000136717.10","BIN1",127805603,127864931,6.14426459837781e-11,"www.ncbi.nlm.nih.gov/pubmed/21627779"
"18","Brain_Cerebellum","2","ENSG00000136717.10","BIN1",127805603,127864931,1.09099180356951e-07,"www.ncbi.nlm.nih.gov/pubmed/21627779"
"19","Colon_Transverse","2","ENSG00000136717.10","BIN1",127805603,127864931,4.49320867739113e-08,"www.ncbi.nlm.nih.gov/pubmed/21627779"
"20","Esophagus_Muscularis","2","ENSG00000136717.10","BIN1",127805603,127864931,3.20024930530843e-14,"www.ncbi.nlm.nih.gov/pubmed/21627779"
"21","Testis","2","ENSG00000168918.9","INPP5D",233924677,234116549,6.74839199615481e-08,"www.ncbi.nlm.nih.gov/pubmed/24162737"
"22","Nerve_Tibial","6","ENSG00000196301.3","HLA-DRB9",32427598,32441277,9.09186475144633e-08,"www.ncbi.nlm.nih.gov/pubmed/25188341"
"23","Adipose_Subcutaneous","6","ENSG00000196126.6","HLA-DRB1",32546546,32557625,3.18164736945194e-08,"www.ncbi.nlm.nih.gov/pubmed/24162737"
"24","Adipose_Visceral_Omentum","6","ENSG00000196126.6","HLA-DRB1",32546546,32557625,5.18821006031216e-09,"www.ncbi.nlm.nih.gov/pubmed/24162737"
"25","Artery_Tibial","6","ENSG00000196126.6","HLA-DRB1",32546546,32557625,2.29136666587337e-07,"www.ncbi.nlm.nih.gov/pubmed/24162737"
"26","Brain_Anterior_cingulate_cortex_BA24","6","ENSG00000196126.6","HLA-DRB1",32546546,32557625,2.19382829001578e-08,"www.ncbi.nlm.nih.gov/pubmed/24162737"
"27","Brain_Cortex","6","ENSG00000196126.6","HLA-DRB1",32546546,32557625,7.80062669544355e-08,"www.ncbi.nlm.nih.gov/pubmed/24162737"
"28","Breast_Mammary_Tissue","6","ENSG00000196126.6","HLA-DRB1",32546546,32557625,4.1672254006868e-08,"www.ncbi.nlm.nih.gov/pubmed/24162737"
"29","Esophagus_Mucosa","6","ENSG00000196126.6","HLA-DRB1",32546546,32557625,3.44159905083751e-09,"www.ncbi.nlm.nih.gov/pubmed/24162737"
"30","Heart_Atrial_Appendage","6","ENSG00000196126.6","HLA-DRB1",32546546,32557625,2.27996264360586e-07,"www.ncbi.nlm.nih.gov/pubmed/24162737"
"31","Muscle_Skeletal","6","ENSG00000196126.6","HLA-DRB1",32546546,32557625,2.82965077510477e-09,"www.ncbi.nlm.nih.gov/pubmed/24162737"
"32","Prostate","6","ENSG00000196126.6","HLA-DRB1",32546546,32557625,1.55375100737319e-08,"www.ncbi.nlm.nih.gov/pubmed/24162737"
"33","Skin_Not_Sun_Exposed_Suprapubic","6","ENSG00000196126.6","HLA-DRB1",32546546,32557625,9.58285762044579e-10,"www.ncbi.nlm.nih.gov/pubmed/24162737"
"34","Skin_Sun_Exposed_Lower_leg","6","ENSG00000196126.6","HLA-DRB1",32546546,32557625,6.83660612992149e-09,"www.ncbi.nlm.nih.gov/pubmed/24162737"
"35","Thyroid","6","ENSG00000196126.6","HLA-DRB1",32546546,32557625,2.80345989588936e-08,"www.ncbi.nlm.nih.gov/pubmed/24162737"
"36","Adipose_Subcutaneous","6","ENSG00000196735.7","HLA-DQA1",32595956,32611429,2.21493615570074e-10,"www.ncbi.nlm.nih.gov/pubmed/24162737"
"37","Adipose_Subcutaneous","6","ENSG00000237541.3","HLA-DQA2",32709119,32714992,9.4941557866093e-08,"remNA"
"38","Adipose_Visceral_Omentum","6","ENSG00000237541.3","HLA-DQA2",32709119,32714992,2.30655156547963e-08,"remNA"
"39","Adrenal_Gland","6","ENSG00000237541.3","HLA-DQA2",32709119,32714992,1.01635954444762e-09,"remNA"
"40","Artery_Aorta","6","ENSG00000237541.3","HLA-DQA2",32709119,32714992,2.17568887121218e-09,"remNA"
"41","Artery_Coronary","6","ENSG00000237541.3","HLA-DQA2",32709119,32714992,2.58505986725163e-10,"remNA"
"42","Artery_Tibial","6","ENSG00000237541.3","HLA-DQA2",32709119,32714992,2.01631485017156e-08,"remNA"
"43","Brain_Anterior_cingulate_cortex_BA24","6","ENSG00000237541.3","HLA-DQA2",32709119,32714992,6.764299346543e-10,"remNA"
"44","Brain_Caudate_basal_ganglia","6","ENSG00000237541.3","HLA-DQA2",32709119,32714992,3.60124708301755e-08,"remNA"
"45","Brain_Cerebellar_Hemisphere","6","ENSG00000237541.3","HLA-DQA2",32709119,32714992,5.56622241867093e-11,"remNA"
"46","Brain_Cerebellum","6","ENSG00000237541.3","HLA-DQA2",32709119,32714992,9.78849016280197e-08,"remNA"
"47","Brain_Cortex","6","ENSG00000237541.3","HLA-DQA2",32709119,32714992,2.59961753343618e-09,"remNA"
"48","Brain_Frontal_Cortex_BA9","6","ENSG00000237541.3","HLA-DQA2",32709119,32714992,7.49142807745609e-12,"remNA"
"49","Brain_Hippocampus","6","ENSG00000237541.3","HLA-DQA2",32709119,32714992,1.15021729015712e-09,"remNA"
"50","Brain_Hypothalamus","6","ENSG00000237541.3","HLA-DQA2",32709119,32714992,4.93610289785861e-08,"remNA"
"51","Brain_Nucleus_accumbens_basal_ganglia","6","ENSG00000237541.3","HLA-DQA2",32709119,32714992,4.12933396449856e-10,"remNA"
"52","Brain_Substantia_nigra","6","ENSG00000237541.3","HLA-DQA2",32709119,32714992,3.05680665565355e-11,"remNA"
"53","Cells_EBV-transformed_lymphocytes","6","ENSG00000237541.3","HLA-DQA2",32709119,32714992,6.81335175532522e-08,"remNA"
"54","Colon_Sigmoid","6","ENSG00000237541.3","HLA-DQA2",32709119,32714992,2.89616969923737e-10,"remNA"
"55","Colon_Transverse","6","ENSG00000237541.3","HLA-DQA2",32709119,32714992,4.48098764127814e-10,"remNA"
"56","Esophagus_Gastroesophageal_Junction","6","ENSG00000237541.3","HLA-DQA2",32709119,32714992,1.61305833643298e-10,"remNA"
"57","Esophagus_Mucosa","6","ENSG00000237541.3","HLA-DQA2",32709119,32714992,7.08789492825839e-09,"remNA"
"58","Esophagus_Muscularis","6","ENSG00000237541.3","HLA-DQA2",32709119,32714992,2.42264475833461e-11,"remNA"
"59","Heart_Atrial_Appendage","6","ENSG00000237541.3","HLA-DQA2",32709119,32714992,2.86956594341975e-11,"remNA"
"60","Liver","6","ENSG00000237541.3","HLA-DQA2",32709119,32714992,9.2301464508891e-10,"remNA"
"61","Lung","6","ENSG00000237541.3","HLA-DQA2",32709119,32714992,2.58721264155367e-10,"remNA"
"62","Minor_Salivary_Gland","6","ENSG00000237541.3","HLA-DQA2",32709119,32714992,5.42818453046641e-11,"remNA"
"63","Muscle_Skeletal","6","ENSG00000237541.3","HLA-DQA2",32709119,32714992,1.04424991123095e-09,"remNA"
"64","Nerve_Tibial","6","ENSG00000237541.3","HLA-DQA2",32709119,32714992,6.7070103873542e-10,"remNA"
"65","Ovary","6","ENSG00000237541.3","HLA-DQA2",32709119,32714992,2.16115541095541e-09,"remNA"
"66","Pancreas","6","ENSG00000237541.3","HLA-DQA2",32709119,32714992,9.70017521212332e-09,"remNA"
"67","Pituitary","6","ENSG00000237541.3","HLA-DQA2",32709119,32714992,6.13712216293387e-09,"remNA"
"68","Prostate","6","ENSG00000237541.3","HLA-DQA2",32709119,32714992,6.01769550982526e-09,"remNA"
"69","Skin_Not_Sun_Exposed_Suprapubic","6","ENSG00000237541.3","HLA-DQA2",32709119,32714992,1.80125473310779e-10,"remNA"
"70","Skin_Sun_Exposed_Lower_leg","6","ENSG00000237541.3","HLA-DQA2",32709119,32714992,5.47940796645493e-10,"remNA"
"71","Small_Intestine_Terminal_Ileum","6","ENSG00000237541.3","HLA-DQA2",32709119,32714992,1.76468946851438e-09,"remNA"
"72","Spleen","6","ENSG00000237541.3","HLA-DQA2",32709119,32714992,2.8456396785827e-09,"remNA"
"73","Stomach","6","ENSG00000237541.3","HLA-DQA2",32709119,32714992,1.20539122061755e-09,"remNA"
"74","Testis","6","ENSG00000237541.3","HLA-DQA2",32709119,32714992,7.90673891900624e-09,"remNA"
"75","Thyroid","6","ENSG00000237541.3","HLA-DQA2",32709119,32714992,9.00005923491608e-10,"remNA"
"76","Uterus","6","ENSG00000237541.3","HLA-DQA2",32709119,32714992,1.68065135319621e-08,"remNA"
"77","Vagina","6","ENSG00000237541.3","HLA-DQA2",32709119,32714992,3.81487114855661e-08,"remNA"
"78","Minor_Salivary_Gland","6","ENSG00000232629.4","HLA-DQB2",32723875,32731311,1.99823165626301e-08,"remNA"
"79","Brain_Cerebellum","6","ENSG00000270761.1","RP11-385F7.1",47444979,47445308,4.37069301649704e-08,"remNA"
"80","Pancreas","6","ENSG00000270761.1","RP11-385F7.1",47444979,47445308,1.52466586755333e-08,"remNA"
"81","Skin_Sun_Exposed_Lower_leg","6","ENSG00000270761.1","RP11-385F7.1",47444979,47445308,2.8812365723737e-08,"remNA"
"82","Thyroid","6","ENSG00000270761.1","RP11-385F7.1",47444979,47445308,2.02643730236584e-08,"remNA"
"83","Pituitary","6","ENSG00000198087.7","CD2AP",47445525,47594999,5.12130021975646e-08,"www.ncbi.nlm.nih.gov/pubmed/24162737"
"84","Breast_Mammary_Tissue","7","ENSG00000235713.1","RP4-604G5.3",99590020,99590673,6.42907601550038e-08,"remNA"
"85","Brain_Amygdala","7","ENSG00000221838.5","AP4M1",99699564,99707968,1.26168413696736e-08,"www.ncbi.nlm.nih.gov/pubmed/29777097"
"86","Brain_Cerebellum","7","ENSG00000235077.1","AC073842.19",99728587,99737916,1.45510811795511e-07,"remNA"
"87","Skin_Not_Sun_Exposed_Suprapubic","7","ENSG00000146826.10","C7orf43",99752043,99756338,2.66080067056307e-08,"remNA"
"88","Skin_Not_Sun_Exposed_Suprapubic","7","ENSG00000213420.3","GPC2",99767229,99774992,5.04961278752405e-08,"remNA"
"89","Brain_Cerebellar_Hemisphere","7","ENSG00000066923.13","STAG3",99775186,99818169,2.72125844675871e-08,"www.ncbi.nlm.nih.gov/pubmed/30617256"
"90","Brain_Nucleus_accumbens_basal_ganglia","7","ENSG00000066923.13","STAG3",99775186,99818169,9.57474604935045e-09,"www.ncbi.nlm.nih.gov/pubmed/30617256"
"91","Cells_Transformed_fibroblasts","7","ENSG00000066923.13","STAG3",99775186,99818169,1.88860936694431e-08,"www.ncbi.nlm.nih.gov/pubmed/30617256"
"92","Muscle_Skeletal","7","ENSG00000066923.13","STAG3",99775186,99818169,1.28396546965506e-09,"www.ncbi.nlm.nih.gov/pubmed/30617256"
"93","Nerve_Tibial","7","ENSG00000066923.13","STAG3",99775186,99818169,4.91145925484076e-09,"www.ncbi.nlm.nih.gov/pubmed/30617256"
"94","Pituitary","7","ENSG00000066923.13","STAG3",99775186,99818169,2.39432091953422e-08,"www.ncbi.nlm.nih.gov/pubmed/30617256"
"95","Heart_Atrial_Appendage","7","ENSG00000239521.3","GATS",99798276,99844171,1.73238789954702e-07,"remNA"
"96","Brain_Amygdala","7","ENSG00000213413.2","PVRIG",99815864,99819113,4.13155060720208e-10,"remNA"
"97","Brain_Caudate_basal_ganglia","7","ENSG00000213413.2","PVRIG",99815864,99819113,1.74391096730395e-09,"remNA"
"98","Brain_Cerebellar_Hemisphere","7","ENSG00000213413.2","PVRIG",99815864,99819113,6.40044628908626e-10,"remNA"
"99","Brain_Cerebellum","7","ENSG00000213413.2","PVRIG",99815864,99819113,5.27901556178313e-09,"remNA"
"100","Brain_Nucleus_accumbens_basal_ganglia","7","ENSG00000213413.2","PVRIG",99815864,99819113,2.93374786943455e-08,"remNA"
"101","Colon_Sigmoid","7","ENSG00000213413.2","PVRIG",99815864,99819113,1.43382026414696e-09,"remNA"
"102","Muscle_Skeletal","7","ENSG00000213413.2","PVRIG",99815864,99819113,3.74801479200229e-11,"remNA"
"103","Pituitary","7","ENSG00000213413.2","PVRIG",99815864,99819113,1.56578480850724e-08,"remNA"
"104","Testis","7","ENSG00000213413.2","PVRIG",99815864,99819113,1.40654015720923e-07,"remNA"
"105","Heart_Atrial_Appendage","7","ENSG00000078487.13","ZCWPW1",99998476,100026415,6.2751080168855e-10,"www.ncbi.nlm.nih.gov/pubmed/24162737"
"106","Adipose_Subcutaneous","7","ENSG00000166924.4","NYAP1",100081550,100092422,4.47685428923206e-11,"remNA"
"107","Adipose_Visceral_Omentum","7","ENSG00000166924.4","NYAP1",100081550,100092422,4.61161944844629e-13,"remNA"
"108","Breast_Mammary_Tissue","7","ENSG00000166924.4","NYAP1",100081550,100092422,1.20673917228357e-12,"remNA"
"109","Esophagus_Mucosa","7","ENSG00000146904.4","EPHA1",143087382,143105985,1.19959885246503e-08,"www.ncbi.nlm.nih.gov/pubmed/24162737"
"110","Adipose_Subcutaneous","7","ENSG00000229153.1","EPHA1-AS1",143104906,143220542,6.80536862828661e-09,"www.ncbi.nlm.nih.gov/pubmed/24162737"
"111","Adipose_Visceral_Omentum","7","ENSG00000229153.1","EPHA1-AS1",143104906,143220542,1.95914727813445e-09,"www.ncbi.nlm.nih.gov/pubmed/24162737"
"112","Nerve_Tibial","7","ENSG00000229153.1","EPHA1-AS1",143104906,143220542,5.61941477267496e-10,"www.ncbi.nlm.nih.gov/pubmed/24162737"
"113","Spleen","7","ENSG00000229153.1","EPHA1-AS1",143104906,143220542,2.93268524602185e-10,"www.ncbi.nlm.nih.gov/pubmed/24162737"
"114","Whole_Blood","7","ENSG00000229153.1","EPHA1-AS1",143104906,143220542,3.91979322577834e-09,"www.ncbi.nlm.nih.gov/pubmed/24162737"
"115","Whole_Blood","7","ENSG00000185899.1","TAS2R60",143140546,143141502,5.93124159402261e-09,"remNA"
"116","Whole_Blood","8","ENSG00000120899.13","PTK2B",27168999,27316903,1.74193138068921e-07,"www.ncbi.nlm.nih.gov/pubmed/24162737"
"117","Muscle_Skeletal","8","ENSG00000120885.15","CLU",27454434,27472548,3.07588032302056e-14,"www.ncbi.nlm.nih.gov/pubmed/19734902"
"118","Colon_Transverse","11","ENSG00000149534.4","MS4A2",59855734,59863444,8.5649876230184e-09,"www.ncbi.nlm.nih.gov/pubmed/24162737"
"119","Esophagus_Mucosa","11","ENSG00000149534.4","MS4A2",59855734,59863444,1.51979441698706e-10,"www.ncbi.nlm.nih.gov/pubmed/24162737"
"120","Stomach","11","ENSG00000149534.4","MS4A2",59855734,59863444,6.60924625995382e-11,"www.ncbi.nlm.nih.gov/pubmed/24162737"
"121","Pancreas","11","ENSG00000110077.10","MS4A6A",59939081,59952139,1.52903276521938e-07,"www.ncbi.nlm.nih.gov/pubmed/21460840"
"122","Whole_Blood","11","ENSG00000110077.10","MS4A6A",59939081,59952139,6.4103069500677e-09,"www.ncbi.nlm.nih.gov/pubmed/21460840"
"123","Nerve_Tibial","11","ENSG00000214787.4","MS4A4E",59968726,60010561,7.22077274296548e-09,"www.ncbi.nlm.nih.gov/pubmed/21460840"
"124","Spleen","11","ENSG00000214787.4","MS4A4E",59968726,60010561,1.65490192033959e-07,"www.ncbi.nlm.nih.gov/pubmed/21460840"
"125","Liver","14","ENSG00000187105.4","HEATR4",73945189,74025651,7.93292117042662e-08,"remNA"
"126","Adipose_Subcutaneous","14","ENSG00000140090.13","SLC24A4",92788925,92962596,1.7326258316053e-09,"www.ncbi.nlm.nih.gov/pubmed/24162737"
"127","Adipose_Visceral_Omentum","14","ENSG00000140090.13","SLC24A4",92788925,92962596,1.03767694769391e-09,"www.ncbi.nlm.nih.gov/pubmed/24162737"
"128","Whole_Blood","14","ENSG00000140090.13","SLC24A4",92788925,92962596,3.83472483904995e-08,"www.ncbi.nlm.nih.gov/pubmed/24162737"
"129","Liver","15","ENSG00000128918.10","ALDH1A2",58245622,58790065,1.98553480183535e-07,"www.ncbi.nlm.nih.gov/pubmed/23535033"
"130","Brain_Putamen_basal_ganglia","15","ENSG00000137776.12","SLTM",59171244,59225852,8.70175779317199e-09,"remNA"
"131","Adrenal_Gland","16","ENSG00000196118.7","C16orf93",30772519,30774031,3.74017865659353e-09,"remNA"
"132","Brain_Caudate_basal_ganglia","16","ENSG00000196118.7","C16orf93",30772519,30774031,9.7063382923551e-08,"remNA"
"133","Uterus","16","ENSG00000260911.1","RP11-196G11.2",31054471,31061201,1.58810152948411e-07,"remNA"
"134","Esophagus_Mucosa","16","ENSG00000167394.8","ZNF668",31072164,31085641,1.89389718249033e-07,"remNA"
"135","Whole_Blood","16","ENSG00000167394.8","ZNF668",31072164,31085641,2.50150343873094e-08,"remNA"
"136","Artery_Tibial","16","ENSG00000151006.7","PRSS53",31095518,31100284,1.54914623119166e-07,"remNA"
"137","Liver","16","ENSG00000167397.10","VKORC1",31102163,31107301,1.13921701186799e-07,"remNA"
"138","Adipose_Subcutaneous","16","ENSG00000103510.15","KAT8",31127075,31142714,3.64785964381348e-09,"www.ncbi.nlm.nih.gov/pubmed/30617256"
"139","Adipose_Visceral_Omentum","16","ENSG00000103510.15","KAT8",31127075,31142714,1.13849994071859e-08,"www.ncbi.nlm.nih.gov/pubmed/30617256"
"140","Adrenal_Gland","16","ENSG00000103510.15","KAT8",31127075,31142714,1.68493271115043e-07,"www.ncbi.nlm.nih.gov/pubmed/30617256"
"141","Artery_Aorta","16","ENSG00000103510.15","KAT8",31127075,31142714,8.76397178607112e-09,"www.ncbi.nlm.nih.gov/pubmed/30617256"
"142","Artery_Tibial","16","ENSG00000103510.15","KAT8",31127075,31142714,1.462678301089e-09,"www.ncbi.nlm.nih.gov/pubmed/30617256"
"143","Brain_Anterior_cingulate_cortex_BA24","16","ENSG00000103510.15","KAT8",31127075,31142714,1.90850785176771e-08,"www.ncbi.nlm.nih.gov/pubmed/30617256"
"144","Brain_Caudate_basal_ganglia","16","ENSG00000103510.15","KAT8",31127075,31142714,1.54975540281397e-08,"www.ncbi.nlm.nih.gov/pubmed/30617256"
"145","Brain_Cerebellar_Hemisphere","16","ENSG00000103510.15","KAT8",31127075,31142714,1.37572389649908e-07,"www.ncbi.nlm.nih.gov/pubmed/30617256"
"146","Brain_Cerebellum","16","ENSG00000103510.15","KAT8",31127075,31142714,7.00322747584739e-09,"www.ncbi.nlm.nih.gov/pubmed/30617256"
"147","Brain_Cortex","16","ENSG00000103510.15","KAT8",31127075,31142714,1.08142502937304e-09,"www.ncbi.nlm.nih.gov/pubmed/30617256"
"148","Brain_Hippocampus","16","ENSG00000103510.15","KAT8",31127075,31142714,2.74636580612908e-09,"www.ncbi.nlm.nih.gov/pubmed/30617256"
"149","Brain_Hypothalamus","16","ENSG00000103510.15","KAT8",31127075,31142714,5.93311194199318e-09,"www.ncbi.nlm.nih.gov/pubmed/30617256"
"150","Brain_Nucleus_accumbens_basal_ganglia","16","ENSG00000103510.15","KAT8",31127075,31142714,1.81869283147943e-08,"www.ncbi.nlm.nih.gov/pubmed/30617256"
"151","Brain_Putamen_basal_ganglia","16","ENSG00000103510.15","KAT8",31127075,31142714,2.06337877733599e-08,"www.ncbi.nlm.nih.gov/pubmed/30617256"
"152","Breast_Mammary_Tissue","16","ENSG00000103510.15","KAT8",31127075,31142714,1.12517881289483e-09,"www.ncbi.nlm.nih.gov/pubmed/30617256"
"153","Cells_EBV-transformed_lymphocytes","16","ENSG00000103510.15","KAT8",31127075,31142714,3.28492583951065e-09,"www.ncbi.nlm.nih.gov/pubmed/30617256"
"154","Cells_Transformed_fibroblasts","16","ENSG00000103510.15","KAT8",31127075,31142714,4.10371353663205e-09,"www.ncbi.nlm.nih.gov/pubmed/30617256"
"155","Colon_Sigmoid","16","ENSG00000103510.15","KAT8",31127075,31142714,1.08267717082116e-09,"www.ncbi.nlm.nih.gov/pubmed/30617256"
"156","Colon_Transverse","16","ENSG00000103510.15","KAT8",31127075,31142714,6.79888631691972e-09,"www.ncbi.nlm.nih.gov/pubmed/30617256"
"157","Esophagus_Gastroesophageal_Junction","16","ENSG00000103510.15","KAT8",31127075,31142714,3.63339522981175e-09,"www.ncbi.nlm.nih.gov/pubmed/30617256"
"158","Esophagus_Mucosa","16","ENSG00000103510.15","KAT8",31127075,31142714,5.30987705468743e-09,"www.ncbi.nlm.nih.gov/pubmed/30617256"
"159","Esophagus_Muscularis","16","ENSG00000103510.15","KAT8",31127075,31142714,5.35247531543501e-09,"www.ncbi.nlm.nih.gov/pubmed/30617256"
"160","Heart_Atrial_Appendage","16","ENSG00000103510.15","KAT8",31127075,31142714,6.91043377973177e-09,"www.ncbi.nlm.nih.gov/pubmed/30617256"
"161","Heart_Left_Ventricle","16","ENSG00000103510.15","KAT8",31127075,31142714,2.34263561099477e-08,"www.ncbi.nlm.nih.gov/pubmed/30617256"
"162","Liver","16","ENSG00000103510.15","KAT8",31127075,31142714,7.92166509443005e-10,"www.ncbi.nlm.nih.gov/pubmed/30617256"
"163","Lung","16","ENSG00000103510.15","KAT8",31127075,31142714,4.16373659546055e-09,"www.ncbi.nlm.nih.gov/pubmed/30617256"
"164","Minor_Salivary_Gland","16","ENSG00000103510.15","KAT8",31127075,31142714,6.99463413828979e-09,"www.ncbi.nlm.nih.gov/pubmed/30617256"
"165","Muscle_Skeletal","16","ENSG00000103510.15","KAT8",31127075,31142714,8.732294777081e-09,"www.ncbi.nlm.nih.gov/pubmed/30617256"
"166","Nerve_Tibial","16","ENSG00000103510.15","KAT8",31127075,31142714,1.09928259109439e-08,"www.ncbi.nlm.nih.gov/pubmed/30617256"
"167","Ovary","16","ENSG00000103510.15","KAT8",31127075,31142714,6.92154637491196e-09,"www.ncbi.nlm.nih.gov/pubmed/30617256"
"168","Pancreas","16","ENSG00000103510.15","KAT8",31127075,31142714,4.70558448561969e-09,"www.ncbi.nlm.nih.gov/pubmed/30617256"
"169","Pituitary","16","ENSG00000103510.15","KAT8",31127075,31142714,6.30096692772429e-09,"www.ncbi.nlm.nih.gov/pubmed/30617256"
"170","Skin_Not_Sun_Exposed_Suprapubic","16","ENSG00000103510.15","KAT8",31127075,31142714,4.23863572080021e-09,"www.ncbi.nlm.nih.gov/pubmed/30617256"
"171","Skin_Sun_Exposed_Lower_leg","16","ENSG00000103510.15","KAT8",31127075,31142714,2.26572831258112e-08,"www.ncbi.nlm.nih.gov/pubmed/30617256"
"172","Small_Intestine_Terminal_Ileum","16","ENSG00000103510.15","KAT8",31127075,31142714,2.23637382352719e-07,"www.ncbi.nlm.nih.gov/pubmed/30617256"
"173","Spleen","16","ENSG00000103510.15","KAT8",31127075,31142714,7.19189173117579e-08,"www.ncbi.nlm.nih.gov/pubmed/30617256"
"174","Testis","16","ENSG00000103510.15","KAT8",31127075,31142714,4.89199891851213e-09,"www.ncbi.nlm.nih.gov/pubmed/30617256"
"175","Thyroid","16","ENSG00000103510.15","KAT8",31127075,31142714,1.02362100390564e-08,"www.ncbi.nlm.nih.gov/pubmed/30617256"
"176","Vagina","16","ENSG00000103510.15","KAT8",31127075,31142714,1.3012933179106e-08,"www.ncbi.nlm.nih.gov/pubmed/30617256"
"177","Whole_Blood","16","ENSG00000103510.15","KAT8",31127075,31142714,1.73801378309048e-07,"www.ncbi.nlm.nih.gov/pubmed/30617256"
"178","Brain_Caudate_basal_ganglia","16","ENSG00000178226.6","PRSS36",31150246,31161415,3.76468714478122e-08,"remNA"
"179","Brain_Cerebellar_Hemisphere","16","ENSG00000178226.6","PRSS36",31150246,31161415,3.79488846473976e-08,"remNA"
"180","Brain_Cerebellum","16","ENSG00000178226.6","PRSS36",31150246,31161415,3.86639099505451e-08,"remNA"
"181","Brain_Cortex","16","ENSG00000178226.6","PRSS36",31150246,31161415,3.81931281440733e-08,"remNA"
"182","Brain_Frontal_Cortex_BA9","16","ENSG00000178226.6","PRSS36",31150246,31161415,4.48211401615953e-08,"remNA"
"183","Brain_Hypothalamus","16","ENSG00000178226.6","PRSS36",31150246,31161415,1.57596387905642e-08,"remNA"
"184","Brain_Nucleus_accumbens_basal_ganglia","16","ENSG00000178226.6","PRSS36",31150246,31161415,3.901816018371e-08,"remNA"
"185","Brain_Putamen_basal_ganglia","16","ENSG00000178226.6","PRSS36",31150246,31161415,1.43185095617832e-08,"remNA"
"186","Brain_Hypothalamus","17","ENSG00000108556.7","CHRNE",4801357,4806369,1.59349165947199e-07,"remNA"
"187","Adipose_Subcutaneous","17","ENSG00000234327.3","AC012146.7",5014763,5017674,8.06504041714101e-10,"remNA"
"188","Adipose_Visceral_Omentum","17","ENSG00000234327.3","AC012146.7",5014763,5017674,1.35660648891306e-07,"remNA"
"189","Adrenal_Gland","17","ENSG00000234327.3","AC012146.7",5014763,5017674,2.4348382822058e-08,"remNA"
"190","Artery_Aorta","17","ENSG00000234327.3","AC012146.7",5014763,5017674,3.55119579331631e-08,"remNA"
"191","Artery_Tibial","17","ENSG00000234327.3","AC012146.7",5014763,5017674,2.4565992452935e-07,"remNA"
"192","Brain_Putamen_basal_ganglia","17","ENSG00000234327.3","AC012146.7",5014763,5017674,1.26336350687245e-07,"remNA"
"193","Breast_Mammary_Tissue","17","ENSG00000234327.3","AC012146.7",5014763,5017674,3.54569448479547e-08,"remNA"
"194","Cells_EBV-transformed_lymphocytes","17","ENSG00000234327.3","AC012146.7",5014763,5017674,8.24975266326491e-09,"remNA"
"195","Cells_Transformed_fibroblasts","17","ENSG00000234327.3","AC012146.7",5014763,5017674,2.30569893454514e-07,"remNA"
"196","Esophagus_Mucosa","17","ENSG00000234327.3","AC012146.7",5014763,5017674,7.44481976432281e-08,"remNA"
"197","Esophagus_Muscularis","17","ENSG00000234327.3","AC012146.7",5014763,5017674,1.69865922003827e-07,"remNA"
"198","Heart_Left_Ventricle","17","ENSG00000234327.3","AC012146.7",5014763,5017674,7.52718659438821e-08,"remNA"
"199","Liver","17","ENSG00000234327.3","AC012146.7",5014763,5017674,4.01307290482854e-08,"remNA"
"200","Lung","17","ENSG00000234327.3","AC012146.7",5014763,5017674,1.29930745612228e-07,"remNA"
"201","Muscle_Skeletal","17","ENSG00000234327.3","AC012146.7",5014763,5017674,1.2497445745342e-07,"remNA"
"202","Nerve_Tibial","17","ENSG00000234327.3","AC012146.7",5014763,5017674,9.7638458955565e-09,"remNA"
"203","Spleen","17","ENSG00000234327.3","AC012146.7",5014763,5017674,6.08768620204202e-08,"remNA"
"204","Stomach","17","ENSG00000234327.3","AC012146.7",5014763,5017674,1.36147157185355e-07,"remNA"
"205","Vagina","17","ENSG00000234327.3","AC012146.7",5014763,5017674,5.4728382237363e-08,"remNA"
"206","Artery_Coronary","17","ENSG00000161929.10","SCIMP",5112256,5138155,2.75643085679173e-09,"www.ncbi.nlm.nih.gov/pubmed/24162737"
"207","Breast_Mammary_Tissue","17","ENSG00000161929.10","SCIMP",5112256,5138155,8.66706063625214e-08,"www.ncbi.nlm.nih.gov/pubmed/24162737"
"208","Muscle_Skeletal","17","ENSG00000161929.10","SCIMP",5112256,5138155,9.28421404137878e-08,"www.ncbi.nlm.nih.gov/pubmed/24162737"
"209","Cells_Transformed_fibroblasts","17","ENSG00000159640.10","ACE",61554422,61574981,2.41993419485323e-07,"www.ncbi.nlm.nih.gov/pubmed/25340798"
"210","Colon_Transverse","17","ENSG00000159640.10","ACE",61554422,61574981,2.07962378873147e-08,"www.ncbi.nlm.nih.gov/pubmed/25340798"
"211","Skin_Sun_Exposed_Lower_leg","17","ENSG00000159640.10","ACE",61554422,61574981,1.3311250772475e-07,"www.ncbi.nlm.nih.gov/pubmed/25340798"
"212","Lung","17","ENSG00000136485.10","DCAF7",61627822,61671639,4.34953748252779e-08,"www.ncbi.nlm.nih.gov/pubmed/26830138"
"213","Adipose_Subcutaneous","19","ENSG00000159917.10","ZNF235",44732882,44809199,2.49217819864763e-08,"remNA"
"214","Colon_Sigmoid","19","ENSG00000267508.1","ZNF285",44886459,44905774,1.90486927140996e-14,"remNA"
"215","Esophagus_Gastroesophageal_Junction","19","ENSG00000267508.1","ZNF285",44886459,44905774,1.32361214667098e-07,"remNA"
"216","Vagina","19","ENSG00000267508.1","ZNF285",44886459,44905774,3.95947267737799e-16,"remNA"
"217","Brain_Cerebellar_Hemisphere","19","ENSG00000167383.4","ZNF229",44921685,44952766,2.64987586272493e-13,"remNA"
"218","Skin_Not_Sun_Exposed_Suprapubic","19","ENSG00000167383.4","ZNF229",44921685,44952766,4.41087843032446e-14,"remNA"
"219","Lung","19","ENSG00000176761.6","ZNF285B",44971858,44977444,2.09662699592612e-07,"remNA"
"220","Nerve_Tibial","19","ENSG00000176761.6","ZNF285B",44971858,44977444,2.1799074561997e-09,"remNA"
"221","Thyroid","19","ENSG00000176761.6","ZNF285B",44971858,44977444,2.46018214258601e-08,"remNA"
"222","Ovary","19","ENSG00000267242.1","AC069278.4",44978645,44979403,3.02133442960352e-12,"remNA"
"223","Brain_Putamen_basal_ganglia","19","ENSG00000167384.6","ZNF180",44979854,45004576,1.21511777448444e-07,"remNA"
"224","Adipose_Subcutaneous","19","ENSG00000266903.1","CTB-171A8.1",45135500,45222031,5.41406378036368e-59,"www.ncbi.nlm.nih.gov/pubmed/30617256"
"225","Adipose_Visceral_Omentum","19","ENSG00000266903.1","CTB-171A8.1",45135500,45222031,1.08523918705442e-45,"www.ncbi.nlm.nih.gov/pubmed/30617256"
"226","Adrenal_Gland","19","ENSG00000266903.1","CTB-171A8.1",45135500,45222031,2.75311281869798e-39,"www.ncbi.nlm.nih.gov/pubmed/30617256"
"227","Artery_Aorta","19","ENSG00000266903.1","CTB-171A8.1",45135500,45222031,5.30223017278243e-99,"www.ncbi.nlm.nih.gov/pubmed/30617256"
"228","Artery_Tibial","19","ENSG00000266903.1","CTB-171A8.1",45135500,45222031,9.84384077105567e-88,"www.ncbi.nlm.nih.gov/pubmed/30617256"
"229","Brain_Amygdala","19","ENSG00000266903.1","CTB-171A8.1",45135500,45222031,1.43284774785299e-117,"www.ncbi.nlm.nih.gov/pubmed/30617256"
"230","Brain_Frontal_Cortex_BA9","19","ENSG00000266903.1","CTB-171A8.1",45135500,45222031,1.61088800857569e-21,"www.ncbi.nlm.nih.gov/pubmed/30617256"
"231","Brain_Nucleus_accumbens_basal_ganglia","19","ENSG00000266903.1","CTB-171A8.1",45135500,45222031,4.669721379475e-26,"www.ncbi.nlm.nih.gov/pubmed/30617256"
"232","Breast_Mammary_Tissue","19","ENSG00000266903.1","CTB-171A8.1",45135500,45222031,1.26905636041651e-30,"www.ncbi.nlm.nih.gov/pubmed/30617256"
"233","Colon_Transverse","19","ENSG00000266903.1","CTB-171A8.1",45135500,45222031,3.49412157876908e-26,"www.ncbi.nlm.nih.gov/pubmed/30617256"
"234","Esophagus_Muscularis","19","ENSG00000266903.1","CTB-171A8.1",45135500,45222031,2.29456488024853e-53,"www.ncbi.nlm.nih.gov/pubmed/30617256"
"235","Heart_Atrial_Appendage","19","ENSG00000266903.1","CTB-171A8.1",45135500,45222031,1.67666933424052e-23,"www.ncbi.nlm.nih.gov/pubmed/30617256"
"236","Heart_Left_Ventricle","19","ENSG00000266903.1","CTB-171A8.1",45135500,45222031,8.55313273965324e-52,"www.ncbi.nlm.nih.gov/pubmed/30617256"
"237","Lung","19","ENSG00000266903.1","CTB-171A8.1",45135500,45222031,5.76718765103356e-47,"www.ncbi.nlm.nih.gov/pubmed/30617256"
"238","Muscle_Skeletal","19","ENSG00000266903.1","CTB-171A8.1",45135500,45222031,2.54217070716719e-37,"www.ncbi.nlm.nih.gov/pubmed/30617256"
"239","Nerve_Tibial","19","ENSG00000266903.1","CTB-171A8.1",45135500,45222031,1.10026560179015e-76,"www.ncbi.nlm.nih.gov/pubmed/30617256"
"240","Pancreas","19","ENSG00000266903.1","CTB-171A8.1",45135500,45222031,6.13065647191997e-70,"www.ncbi.nlm.nih.gov/pubmed/30617256"
"241","Pituitary","19","ENSG00000266903.1","CTB-171A8.1",45135500,45222031,9.59454943482421e-66,"www.ncbi.nlm.nih.gov/pubmed/30617256"
"242","Skin_Not_Sun_Exposed_Suprapubic","19","ENSG00000266903.1","CTB-171A8.1",45135500,45222031,2.30713830349184e-27,"www.ncbi.nlm.nih.gov/pubmed/30617256"
"243","Skin_Sun_Exposed_Lower_leg","19","ENSG00000266903.1","CTB-171A8.1",45135500,45222031,9.62047906480911e-36,"www.ncbi.nlm.nih.gov/pubmed/30617256"
"244","Spleen","19","ENSG00000266903.1","CTB-171A8.1",45135500,45222031,2.3252671230454e-09,"www.ncbi.nlm.nih.gov/pubmed/30617256"
"245","Stomach","19","ENSG00000266903.1","CTB-171A8.1",45135500,45222031,1.8745606787099e-40,"www.ncbi.nlm.nih.gov/pubmed/30617256"
"246","Thyroid","19","ENSG00000266903.1","CTB-171A8.1",45135500,45222031,5.86196576032547e-79,"www.ncbi.nlm.nih.gov/pubmed/30617256"
"247","Adipose_Subcutaneous","19","ENSG00000073008.10","PVR",45147098,45166850,6.34820406341927e-09,"www.ncbi.nlm.nih.gov/pubmed/24755620"
"248","Cells_Transformed_fibroblasts","19","ENSG00000073008.10","PVR",45147098,45166850,7.68255514329526e-11,"www.ncbi.nlm.nih.gov/pubmed/24755620"
"249","Colon_Sigmoid","19","ENSG00000073008.10","PVR",45147098,45166850,6.59227219126583e-15,"www.ncbi.nlm.nih.gov/pubmed/24755620"
"250","Esophagus_Mucosa","19","ENSG00000073008.10","PVR",45147098,45166850,1.33602294462457e-08,"www.ncbi.nlm.nih.gov/pubmed/24755620"
"251","Esophagus_Muscularis","19","ENSG00000073008.10","PVR",45147098,45166850,1.75912080263569e-26,"www.ncbi.nlm.nih.gov/pubmed/24755620"
"252","Muscle_Skeletal","19","ENSG00000073008.10","PVR",45147098,45166850,8.92895298619267e-10,"www.ncbi.nlm.nih.gov/pubmed/24755620"
"253","Skin_Not_Sun_Exposed_Suprapubic","19","ENSG00000073008.10","PVR",45147098,45166850,1.09001313781273e-16,"www.ncbi.nlm.nih.gov/pubmed/24755620"
"254","Skin_Sun_Exposed_Lower_leg","19","ENSG00000073008.10","PVR",45147098,45166850,1.24776953764706e-10,"www.ncbi.nlm.nih.gov/pubmed/24755620"
"255","Whole_Blood","19","ENSG00000073008.10","PVR",45147098,45166850,4.21200102218765e-08,"www.ncbi.nlm.nih.gov/pubmed/24755620"
"256","Adipose_Subcutaneous","19","ENSG00000186567.8","CEACAM19",45170227,45187631,1.51125302126207e-18,"www.ncbi.nlm.nih.gov/pubmed/29777097"
"257","Adipose_Visceral_Omentum","19","ENSG00000186567.8","CEACAM19",45170227,45187631,1.83901111485979e-19,"www.ncbi.nlm.nih.gov/pubmed/29777097"
"258","Adrenal_Gland","19","ENSG00000186567.8","CEACAM19",45170227,45187631,9.60842120886964e-08,"www.ncbi.nlm.nih.gov/pubmed/29777097"
"259","Artery_Aorta","19","ENSG00000186567.8","CEACAM19",45170227,45187631,2.23314134586438e-32,"www.ncbi.nlm.nih.gov/pubmed/29777097"
"260","Artery_Tibial","19","ENSG00000186567.8","CEACAM19",45170227,45187631,1.59104891611966e-23,"www.ncbi.nlm.nih.gov/pubmed/29777097"
"261","Cells_Transformed_fibroblasts","19","ENSG00000186567.8","CEACAM19",45170227,45187631,7.09909880925225e-26,"www.ncbi.nlm.nih.gov/pubmed/29777097"
"262","Colon_Transverse","19","ENSG00000186567.8","CEACAM19",45170227,45187631,6.53456657444021e-28,"www.ncbi.nlm.nih.gov/pubmed/29777097"
"263","Esophagus_Gastroesophageal_Junction","19","ENSG00000186567.8","CEACAM19",45170227,45187631,1.44793614626927e-27,"www.ncbi.nlm.nih.gov/pubmed/29777097"
"264","Esophagus_Muscularis","19","ENSG00000186567.8","CEACAM19",45170227,45187631,3.24606333378863e-19,"www.ncbi.nlm.nih.gov/pubmed/29777097"
"265","Lung","19","ENSG00000186567.8","CEACAM19",45170227,45187631,1.3084635497349e-21,"www.ncbi.nlm.nih.gov/pubmed/29777097"
"266","Nerve_Tibial","19","ENSG00000186567.8","CEACAM19",45170227,45187631,3.02503300881968e-16,"www.ncbi.nlm.nih.gov/pubmed/29777097"
"267","Pancreas","19","ENSG00000186567.8","CEACAM19",45170227,45187631,2.89040928309984e-23,"www.ncbi.nlm.nih.gov/pubmed/29777097"
"268","Pituitary","19","ENSG00000186567.8","CEACAM19",45170227,45187631,2.19190940697206e-29,"www.ncbi.nlm.nih.gov/pubmed/29777097"
"269","Spleen","19","ENSG00000186567.8","CEACAM19",45170227,45187631,6.94017338832278e-13,"www.ncbi.nlm.nih.gov/pubmed/29777097"
"270","Stomach","19","ENSG00000186567.8","CEACAM19",45170227,45187631,2.6037117948587e-16,"www.ncbi.nlm.nih.gov/pubmed/29777097"
"271","Testis","19","ENSG00000186567.8","CEACAM19",45170227,45187631,3.69035917441305e-38,"www.ncbi.nlm.nih.gov/pubmed/29777097"
"272","Thyroid","19","ENSG00000186567.8","CEACAM19",45170227,45187631,8.07453094216921e-27,"www.ncbi.nlm.nih.gov/pubmed/29777097"
"273","Thyroid","19","ENSG00000142273.6","CBLC",45281126,45303891,8.10211750363424e-08,"www.ncbi.nlm.nih.gov/pubmed/29274321"
"274","Thyroid","19","ENSG00000187244.6","BCAM",45312328,45324671,4.63569398669362e-11,"www.ncbi.nlm.nih.gov/pubmed/24755620"
"275","Esophagus_Mucosa","19","ENSG00000130202.5","PVRL2",45349432,45392485,1.26899859318379e-23,"www.ncbi.nlm.nih.gov/pubmed/18823527"
"276","Liver","19","ENSG00000130202.5","PVRL2",45349432,45392485,1.30651542411148e-10,"www.ncbi.nlm.nih.gov/pubmed/18823527"
"277","Muscle_Skeletal","19","ENSG00000130202.5","PVRL2",45349432,45392485,1.20817303257388e-48,"www.ncbi.nlm.nih.gov/pubmed/18823527"
"278","Pancreas","19","ENSG00000130202.5","PVRL2",45349432,45392485,9.0340943730647e-09,"www.ncbi.nlm.nih.gov/pubmed/18823527"
"279","Lung","19","ENSG00000130203.5","APOE",45409011,45412650,7.51690679449217e-27,"www.ncbi.nlm.nih.gov/pubmed/18823527"
"280","Prostate","19","ENSG00000130203.5","APOE",45409011,45412650,8.9556807539766e-40,"www.ncbi.nlm.nih.gov/pubmed/18823527"
"281","Skin_Not_Sun_Exposed_Suprapubic","19","ENSG00000130203.5","APOE",45409011,45412650,1.63392627767657e-79,"www.ncbi.nlm.nih.gov/pubmed/18823527"
"282","Skin_Sun_Exposed_Lower_leg","19","ENSG00000130203.5","APOE",45409011,45412650,4.07153497732894e-143,"www.ncbi.nlm.nih.gov/pubmed/18823527"
"283","Lung","19","ENSG00000130208.5","APOC1",45417504,45422606,5.64797716067576e-18,"www.ncbi.nlm.nih.gov/pubmed/17474819"
"284","Lung","19","ENSG00000267467.2","APOC4",45445495,45449242,1.09769346279369e-32,"www.ncbi.nlm.nih.gov/pubmed/29274321"
"285","Skin_Not_Sun_Exposed_Suprapubic","19","ENSG00000104853.11","CLPTM1",45457848,45496599,3.45221014052093e-33,"www.ncbi.nlm.nih.gov/pubmed/29274321"
"286","Skin_Sun_Exposed_Lower_leg","19","ENSG00000104853.11","CLPTM1",45457848,45496599,3.83376618791081e-15,"www.ncbi.nlm.nih.gov/pubmed/29274321"
"287","Brain_Nucleus_accumbens_basal_ganglia","19","ENSG00000170684.4","ZNF296",45574758,45579767,2.76916722641051e-29,"www.ncbi.nlm.nih.gov/pubmed/30805717"
"288","Brain_Putamen_basal_ganglia","19","ENSG00000170684.4","ZNF296",45574758,45579767,7.51482459438395e-26,"www.ncbi.nlm.nih.gov/pubmed/30805717"
"289","Brain_Anterior_cingulate_cortex_BA24","19","ENSG00000142252.6","GEMIN7",45582453,45594782,4.29843409128512e-39,"www.ncbi.nlm.nih.gov/pubmed/29777097"
"290","Brain_Frontal_Cortex_BA9","19","ENSG00000142252.6","GEMIN7",45582453,45594782,1.87815495027284e-18,"www.ncbi.nlm.nih.gov/pubmed/29777097"
"291","Cells_Transformed_fibroblasts","19","ENSG00000142252.6","GEMIN7",45582453,45594782,1.81407665849501e-09,"www.ncbi.nlm.nih.gov/pubmed/29777097"
"292","Spleen","19","ENSG00000142252.6","GEMIN7",45582453,45594782,8.6623052812029e-13,"www.ncbi.nlm.nih.gov/pubmed/29777097"
"293","Testis","19","ENSG00000179846.7","NKPD1",45653864,45663408,1.33991022952538e-30,"www.ncbi.nlm.nih.gov/pubmed/30617256"
"294","Artery_Tibial","19","ENSG00000007255.6","TRAPPC6A",45666186,45681495,5.93101166681756e-09,"www.ncbi.nlm.nih.gov/pubmed/30805717"
"295","Testis","19","ENSG00000130201.3","EXOC3L2",45715879,45737469,1.28791846361933e-14,"www.ncbi.nlm.nih.gov/pubmed/24755620"
"296","Brain_Putamen_basal_ganglia","19","ENSG00000104892.12","KLC3",45836692,45852860,2.31244399860164e-16,"www.ncbi.nlm.nih.gov/pubmed/30805717"
"297","Adipose_Subcutaneous","19","ENSG00000104884.10","ERCC2",45853095,45874176,3.64972633905975e-24,"www.ncbi.nlm.nih.gov/pubmed/30805717"
"298","Small_Intestine_Terminal_Ileum","19","ENSG00000104884.10","ERCC2",45853095,45874176,2.39541777625452e-08,"www.ncbi.nlm.nih.gov/pubmed/30805717"
"299","Esophagus_Mucosa","19","ENSG00000104881.10","PPP1R13L",45882892,45908339,1.40302189315813e-10,"www.ncbi.nlm.nih.gov/pubmed/30805717"
"300","Thyroid","19","ENSG00000117877.6","CD3EAP",45909467,45914024,8.9950241988148e-08,"www.ncbi.nlm.nih.gov/pubmed/30805717"
"301","Artery_Coronary","19","ENSG00000125744.7","RTN2",45988547,46000319,1.37520249026617e-09,"www.ncbi.nlm.nih.gov/pubmed/30805717"
"302","Brain_Hippocampus","19","ENSG00000125741.4","OPA3",46030685,46105470,2.19729289750775e-07,"www.ncbi.nlm.nih.gov/pubmed/30805717"
"303","Cells_Transformed_fibroblasts","20","ENSG00000087589.12","CASS4",54987168,55034396,4.39357289790359e-09,"www.ncbi.nlm.nih.gov/pubmed/24162737"
